"0","library(tidyverse)"
"0","library(sf)"
"0","library(rnaturalearth)"
"0","library(lwgeom)"
"0","library(dplyr)"
"0",""
"0","# Load the clean data and add a row number column"
"0",""
"0","clean_data$id <- 1:nrow(clean_data)"
"0",""
"0","# Join the two datasets on the row number column"
"0","data_combined <- left_join(data_selected, clean_data, by = ""country"",relationship = ""many-to-many"")"
"0",""
"0","# Create the scatter plot with linear regression line"
"0","ggplot(data_combined, aes(x = Life.expectancy.at.birth..total..years., y = Population..total, color = obs_value )) +"
"0","  geom_point() +"
"0","  geom_smooth(method = ""lm"", formula = y ~ x, se = FALSE, color = ""green"") +"
"0","  ggtitle(""Scatter Plot of Population vs Life Expectancy by Observed Value for Country"") +"
"0","  xlab(""Life Expectancy at birth"") +"
"0","  ylab(""Population Total"") +"
"0","  theme_bw()"
"0",""
