"0","# Load the required libraries"
"0","library(tidyverse)"
"0","library(sf)"
"0","library(rnaturalearth)"
"0","library(lwgeom)"
"0","library(dplyr)"
"0",""
"0","# Import the unicef_indicator_2.csv file"
"0","data <- read_csv(""unicef_indicator_2.csv"")"
"2","[1mRows: [22m[34m647[39m [1mColumns: [22m[34m14[39m"
"2","[36m──[39m [1mColumn specification[22m [36m────────────────────────────────────────────────────────────────────────────[39m
[1mDelimiter:[22m "",""
[31mchr[39m (12): country, alpha_2_code, alpha_3_code, indicator, time_period, sex, unit_multiplier, uni...
[32mdbl[39m  (2): numeric_code, obs_value"
"2","
[36mℹ[39m Use `spec()` to retrieve the full column specification for this data.
[36mℹ[39m Specify the column types or set `show_col_types = FALSE` to quiet this message."
"0","# Clean and transform the data"
"0","clean_data <- data %>%"
"0","  drop_na() %>%"
"0","  filter(!is.na(obs_value) & obs_value >= 0)"
"0",""
"0","# Filter for the top 20 countries with the highest obs_value"
"0","top_20 <- clean_data %>%"
"0","  group_by(country) %>%"
"0","  summarise(total_obs_value = sum(obs_value)) %>%"
"0","  top_n(20, total_obs_value)"
"0",""
"0","# Load World Map dataset and make the geometry valid"
"0","world_map <- rnaturalearth::ne_countries(scale = ""medium"", returnclass = ""sf"") %>%"
"0","  st_make_valid()"
"0",""
"0","# Create a lookup table to map country names to ISO A3 codes and join with top_20"
"0","top_20 <- top_20 %>%"
"0","  left_join(world_map %>% select(iso_a3, name_long) %>% distinct(), by = c(""country"" = ""name_long""))"
"0",""
"0","# Merge world_map and top_20 data frames"
"0","merged_data <- left_join(world_map, top_20, by = ""iso_a3"")"
"0",""
"0","# Plot 20 countries with the highest obs_value"
"0","world_map_chart <- ggplot() +"
"0","  geom_sf(data = merged_data, aes(fill = total_obs_value), color = ""white"") +"
"0","  scale_fill_continuous(low = ""blue"", high = ""red"", na.value = ""lightgreen"", name = ""Obs Value"") +"
"0","  labs(title = ""Top 20 Countries with the Highest Level of Malnutrition (Wasted, Overweight or Stunted)"") +"
"0","  theme_minimal()"
"0",""
"0","#View the Map "
"0","world_map_chart"
"0",""
